{"player": {"name": "Player", "health": 100, "damage": 10, "current_room": 1}, "rooms": [{"description": "You are in a room.", "doors": [], "npcs": [], "items": []}, {"description": "A rather dusty room full of computers.", "doors": [0, 1], "npcs": [0, 1, 2], "items": [0, 1]}, {"description": "A dark room with dark doors.", "doors": [0, 1], "npcs": [], "items": []}], "doors": [{"description": "A mysterious red door", "room_behind": 2}, {"description": "A black door", "room_behind": 1}], "npcs": [{"description": "A suspiciously happy looking orc", "health": 50, "damage": 5}, {"description": "The kerstman", "health": 40, "damage": 5}, {"description": "A dancing strawberry", "health": 40, "damage": 5}], "items": [{"description": "A health potion", "health_bonus": 10}, {"description": "A sword", "health_bonus": 10}]}